<?xml version="1.0" encoding="utf-8"?>
<menu xmlns:xsi="http://www.w3.org/2001/XMLSchema-instance"
      xsi:noNamespaceSchemaLocation="https://raw.githubusercontent.com/shopware/shopware/5.3/engine/Shopware/Components/Plugin/schema/menu.xsd">

    <entries>
        <entry>
            <name>Tk Variants</name>
            <label lang="en">Variants </label>
            <label lang="de">Variants</label>
            <controller>TkVariants</controller>
            <action>index</action>
            <class>sprite-category-group</class>
            <parent identifiedBy="controller">Marketing</parent>
        </entry>
    </entries>
</menu>