<container xmlns="http://symfony.com/schema/dic/services"
           xmlns:xsi="http://www.w3.org/2001/XMLSchema-instance"
           xsi:schemaLocation="http://symfony.com/schema/dic/services http://symfony.com/schema/dic/services/services-1.0.xsd">

    <services>
        <!-- Register TemplateRegistration subscriber -->
        <service id="tk_variants.subscribers.template_registration" class="TkVariants\Subscribers\TemplateRegistration">
            <argument>%tk_variants.plugin_dir%</argument>
            <argument type="service" id="template"/>
            <tag name="shopware.event_subscriber"/>
        </service>

        
        <!-- Detail page subscriber -->
        <service id="tk_variants.subscribers.detail_page" class="TkVariants\Subscribers\DetailPage">
            <argument id="dbal_connection" type="service"/>
            <argument id="shopware_storefront.list_product_service" type="service"/>
            <argument id="shopware_storefront.context_service" type="service"/>
            <argument id="legacy_struct_converter" type="service" />
            <tag name="shopware.event_subscriber"/>
        </service>

    </services>
</container>
